{"pos": 0, "depth": 0, "is_leaf": false, "cutoff": 0.20865240144314323, "coord": [0, 458], "quality": 0.40871069984714165, "children": [{"depth": 1, "pos": 0, "Yshape": [190, 1000], "is_leaf": false, "cutoff": 0.8282351919966238, "coord": [0, 330], "quality": 0.22355101333591046, "children": [{"depth": 2, "pos": 0, "Yshape": [156, 1000], "is_leaf": false, "cutoff": 0.4340369224679717, "coord": [0, 151], "quality": 0.3019093676511266, "children": [{"depth": 3, "pos": 0, "Yshape": [67, 1000], "is_leaf": false, "cutoff": 0.969658493059893, "coord": [1, 214], "quality": 0.9845888299839685, "children": [{"depth": 4, "pos": 0, "Yshape": [67, 968], "is_leaf": true, "XX": [